imagine|titlu|descriere|link|postat
1.png|How to actually use the 50/30/20 budget rule|Take control of your money with this automated 50/30/20 budget tracker. Perfect for beginners! 💸 #budgeting #personalfinance #excel|https://etsy.com/shop/ExpenseTrackersShop|1
2.png|The easiest 50/30/20 budget calculator|Take control of your money with this automated 50/30/20 budget tracker. Perfect for beginners! 💸 #budgeting #personalfinance #excel|https://etsy.com/shop/ExpenseTrackersShop|1
3.png|50/30/20 budgeting for complete beginners|Master your finances effortlessly with the 50/30/20 rule. Automated dashboard included! 📊 #budgetplanner #moneytips #debtfree|https://etsy.com/shop/ExpenseTrackersShop|1
4.png|How to automate your 50/30/20 budget|Master your finances effortlessly with the 50/30/20 rule. Automated dashboard included! 📊 #budgetplanner #moneytips #debtfree|https://etsy.com/shop/ExpenseTrackersShop|1
5.png|Smart 50/30/20 Google Sheets template|Stop doing manual math. Let this smart 50/30/20 tracker do the heavy lifting for you. 💡 #googlesheets #budgeting #financegoals|https://etsy.com/shop/ExpenseTrackersShop|1
6.png|The best 50/30/20 rule Excel dashboard|Stop doing manual math. Let this smart 50/30/20 tracker do the heavy lifting for you. 💡 #googlesheets #budgeting #financegoals|https://etsy.com/shop/ExpenseTrackersShop|1
7.png|How to split your paycheck properly|Easily split your paycheck into needs, wants, and savings. Complete template inside! 💵 #paycheckbudget #excel #moneyhacks|https://etsy.com/shop/ExpenseTrackersShop|0
8.png|Track your savings goals 3x faster|Stop stressing over money. Use our interactive savings goal simulator to reach your goals faster! 🎯📈 #savingmoney #budgettracker|https://etsy.com/shop/ExpenseTrackersShop|0
9.png|Interactive savings goal simulator|Stop stressing over money. Use our interactive savings goal simulator to reach your goals faster! 🎯📈 #savingmoney #budgettracker|https://etsy.com/shop/ExpenseTrackersShop|0
10.png|How to save for a vacation without going broke|Plan your next trip stress-free. Track your savings progress visually and effectively. ✈️🌴 #vacationfund #savings #finance|https://etsy.com/shop/ExpenseTrackersShop|0
11.png|Reached your savings goal yet? Try this.|Plan your next trip stress-free. Track your savings progress visually and effectively. ✈️🌴 #vacationfund #savings #finance|https://etsy.com/shop/ExpenseTrackersShop|0
12.png|Visual savings tracker for beginners|Watch your money grow on autopilot. Simple, effective, and beautiful dashboard. 📈✨ #financialfreedom #budgetspreadsheet|https://etsy.com/shop/ExpenseTrackersShop|0
13.png|How to save your first $5000 this year|Watch your money grow on autopilot. Simple, effective, and beautiful dashboard. 📈✨ #financialfreedom #budgetspreadsheet|https://etsy.com/shop/ExpenseTrackersShop|0
14.png|Watch your savings grow on autopilot|Automate your financial goals with this smart tracking simulator. Achieve more this year! 🎯 #savinggoals #debtpayoff|https://etsy.com/shop/ExpenseTrackersShop|0
15.png|The smartest spreadsheet for your financial goals|Automate your financial goals with this smart tracking simulator. Achieve more this year! 🎯 #savinggoals #debtpayoff|https://etsy.com/shop/ExpenseTrackersShop|0
16.png|Stop living paycheck to paycheck|The ultimate spreadsheet to organize your life. Minimalist, easy to use, and automated. ✨ #budgetplanner #debtfree #financetips|https://etsy.com/shop/ExpenseTrackersShop|0
17.png|How to find out exactly where your money goes|The ultimate spreadsheet to organize your life. Minimalist, easy to use, and automated. ✨ #budgetplanner #debtfree #financetips|https://etsy.com/shop/ExpenseTrackersShop|0
18.png|The only Excel sheet you need to organize your life|Take the stress out of budgeting. Find out exactly where your money goes every month. 🔍💵 #moneymanagement #exceltemplate|https://etsy.com/shop/ExpenseTrackersShop|0
19.png|The absolute easiest way to track daily expenses|Take the stress out of budgeting. Find out exactly where your money goes every month. 🔍💵 #moneymanagement #exceltemplate|https://etsy.com/shop/ExpenseTrackersShop|0
20.png|Financial planner for overwhelmed beginners|Budgeting doesn't have to be hard. Start today with this done-for-you minimalist tracker. 🌿 #beginnersbudget #financialplanner|https://etsy.com/shop/ExpenseTrackersShop|0
21.png|Simple monthly budget template that actually works|Budgeting doesn't have to be hard. Start today with this done-for-you minimalist tracker. 🌿 #beginnersbudget #financialplanner|https://etsy.com/shop/ExpenseTrackersShop|0
22.png|Take control of your personal finances today|No formulas needed! Just type in your numbers and watch the dashboard update instantly. 💻📊 #easybudget #personalfinance|https://etsy.com/shop/ExpenseTrackersShop|0
23.png|How to budget when you feel like you have no money|No formulas needed! Just type in your numbers and watch the dashboard update instantly. 💻📊 #easybudget #personalfinance|https://etsy.com/shop/ExpenseTrackersShop|0
24.png|Aesthetic Google Sheets budget dashboard|Upgrade your aesthetic with this clean and simple budget dashboard. Tracking expenses has never looked this good! 🌿💻 #aestheticbudget #googlesheets|https://etsy.com/shop/ExpenseTrackersShop|0
25.png|Clean & simple Excel budget template|Upgrade your aesthetic with this clean and simple budget dashboard. Tracking expenses has never looked this good! 🌿💻 #aestheticbudget #googlesheets|https://etsy.com/shop/ExpenseTrackersShop|0
26.png|The most aesthetic personal finance tracker|Make your finance routine enjoyable. Minimalist, clean, and beautifully designed. ✨ #aestheticlifestyle #budgettracker|https://etsy.com/shop/ExpenseTrackersShop|0
27.png|Done-for-you monthly budget spreadsheet|Make your finance routine enjoyable. Minimalist, clean, and beautifully designed. ✨ #aestheticlifestyle #budgettracker|https://etsy.com/shop/ExpenseTrackersShop|0
28.png|Upgrade your personal finance setup today|The only finance template you will ever need. Works perfectly in Excel and Google Sheets! 🖥️💳 #digitalplanner #spreadsheet|https://etsy.com/shop/ExpenseTrackersShop|0
29.png|Minimalist expense tracker for 2026|The only finance template you will ever need. Works perfectly in Excel and Google Sheets! 🖥️💳 #digitalplanner #spreadsheet|https://etsy.com/shop/ExpenseTrackersShop|0
30.png|Budgeting made beautiful simple and automated|Beautiful, automated, and ready to use. Download your smart budget tracker today! 🛒✅ #budgetingmadeeasy #financialpeace|https://etsy.com/shop/ExpenseTrackersShop|0
